<?xml version="1.0" encoding="UTF-8"?>
<!DOCTYPE mapper PUBLIC "-//mybatis.org//DTD Mapper 3.0//EN" "http://mybatis.org/dtd/mybatis-3-mapper.dtd">
<!-- 配置关于物业管理表的 MyBatis映射文件 -->
<!-- namespace：必须与对应的接口全类名一致 id:必须与对应接口的某个对应的方法名一致 -->
<mapper namespace="com.boot.dao.WuyeDAO">

    <resultMap type="com.boot.entity.Wuye" id="wuyeMap">
        <id property="wuyeid" column="wuyeid" />
        <result property="username" column="username" />
        <result property="password" column="password" />
        <result property="realname" column="realname" />
        <result property="contact" column="contact" />
        <result property="addtime" column="addtime" />
    </resultMap>

    <!-- 物业管理表 插入SQL语句 WuyeDAO通过ID(insertWuye)调用此配置 -->
    <insert id="insertWuye" parameterType="com.boot.entity.Wuye">
        insert into wuye(wuyeid, username, password, realname, contact, addtime)
        values(#{wuyeid}, #{username}, #{password}, #{realname}, #{contact}, #{addtime})
    </insert>

    <!-- 物业管理表 更新SQL语句 WuyeDAO通过ID(updateWuye)调用此配置 -->
    <update id="updateWuye" parameterType="com.boot.entity.Wuye">
        update wuye set username=#{username}, password=#{password}, realname=#{realname}, contact=#{contact}, addtime=#{addtime}
        where wuyeid=#{wuyeid}
    </update>

    <!-- 物业管理表 按主键删除SQL语句 WuyeDAO通过ID(deleteWuye)调用此配置 -->
    <delete id="deleteWuye" parameterType="String">
        delete from wuye where wuyeid = #{wuyeid}
    </delete>

    <!-- 物业管理表 查询全部物业管理信息SQL语句 WuyeDAO通过ID(getAllWuye)调用此配置 -->
    <select id="getAllWuye" resultMap="wuyeMap">
        select * from wuye order by wuyeid desc
    </select>

    <!-- 物业管理表 按主键(wuyeid)查询SQL语句 WuyeDAO通过ID(getWuyeById)调用此配置 -->
    <select id="getWuyeById" parameterType="String" resultMap="wuyeMap">
        select * from wuye where wuyeid = #{wuyeid}
    </select>

    <!-- 物业管理表 按条件精确查询SQL语句 WuyeDAO通过ID(getWuyeByCond)调用此配置 -->
    <select id="getWuyeByCond" parameterType="com.boot.entity.Wuye" resultMap="wuyeMap">
        select * from wuye
        <where>
            <if test="username != null and '' != username">
                and username = #{username}
            </if>
            <if test="password != null and '' != password">
                and password = #{password}
            </if>
            <if test="realname != null and '' != realname">
                and realname = #{realname}
            </if>
            <if test="contact != null and '' != contact">
                and contact = #{contact}
            </if>
            <if test="addtime != null and '' != addtime">
                and addtime = #{addtime}
            </if>
        </where>
    </select>

    <!-- 物业管理表 按条件模糊查询SQL语句 WuyeDAO通过ID(getWuyeByLike)调用此配置 -->
    <select id="getWuyeByLike" parameterType="com.boot.entity.Wuye" resultMap="wuyeMap">
        select * from wuye
        <where>
            <if test="username != null and '' != username">
                and username like CONCAT('%', #{username}, '%')
            </if>
            <if test="password != null and '' != password">
                and password like CONCAT('%', #{password}, '%')
            </if>
            <if test="realname != null and '' != realname">
                and realname like CONCAT('%', #{realname}, '%')
            </if>
            <if test="contact != null and '' != contact">
                and contact like CONCAT('%', #{contact}, '%')
            </if>
            <if test="addtime != null and '' != addtime">
                and addtime like CONCAT('%', #{addtime}, '%')
            </if>
        </where>
    </select>
</mapper>